ID,burial_id,sex_gender,age,phase_id,site_id
1,1,f,34,122,23
2,27,f,37,122,23
3,118,f,40,122,23
4,52,f,51,122,23
5,119,f,33,122,23
6,124,f,30,80,23
7,17,f,64,122,23
8,116,f,20,122,23
9,139,f,33,81,23
10,71,f,45,82,23
11,158,f,34,82,23
12,77,f,42,82,23
13,85,f,42,122,23
14,182,f,39,80,23
15,18,f,61,122,23
16,28,f,71,122,23
17,19,indet,8,122,23
18,122,f,52,81,23
19,123,f,57,82,23
20,195,f,37,82,23
21,141,f,46,82,23
22,25,f,29,122,23
23,201,f,39,82,23
24,83,f,67,122,23
25,144,f,54,82,23
26,145,f,54,81,23
27,157,f,48,81,23
28,159,f,48,82,23
29,148,f,71,82,23
30,208,f,35,82,23
31,175,f,51,82,23
32,176,f,56,81,23
33,178,f,45,82,23
34,209,f,42,81,23
35,215,f,34,80,23
36,247,f,40,82,23
37,282,f,61,80,23
38,284,f,39,122,23
39,295,f,35,80,23
40,223,f,42,82,23
41,301,f,35,81,23
42,225,f,57,82,23
43,235,f,42,82,23
44,239,f,48,80,23
45,248,f,57,82,23
46,149,f,18,82,23
47,325,f,18,122,23
48,289,f,65,122,23
49,254,f,54,122,23
50,258,f,57,82,23
51,302,f,32,80,23
52,260,f,57,80,23
53,332,f,39,122,23
54,300,f,61,122,23
55,272,f,51,82,23
56,338,f,39,82,23
57,340,f,30,122,23
58,275,f,51,122,23
59,278,f,51,80,23
60,280,f,54,80,23
61,348,f,34,122,23
62,281,f,45,80,23
63,348,f,35,122,23
64,362,f,40,79,23
65,287,f,51,79,23
66,78,indet,9,122,23
67,306,f,60,80,23
68,309,f,57,122,23
69,410,f,17,79,23
70,82,indet,10,82,23
71,336,f,71,81,23
72,384,m,3,80,23
73,312,f,45,81,23
74,337,f,48,82,23
75,88,indet,10,80,23
76,89,f,29,82,23
77,405,f,34,122,23
78,356,f,64,80,23
79,338,f,54,82,23
80,338,f,57,82,23
81,414,f,38,80,23
82,349,f,41,80,23
83,415,f,39,122,23
84,97,f,29,122,23
85,98,f,29,122,23
86,368,f,64,81,23
87,418,f,40,80,23
88,392,f,61,79,23
89,422,f,37,79,23
90,395,f,64,81,23
91,84,indet,5,122,23
92,401,f,71,79,23
93,435,f,34,80,23
94,447,f,18,79,23
95,445,f,32,80,23
96,451,f,37,80,23
97,417,f,61,79,23
98,142,f,28,80,23
99,351,f,45,122,23
100,469,f,37,80,23
101,358,f,45,80,23
102,823,f,18,122,23
103,117,indet,10,122,23
104,478,f,39,122,23
105,488,f,37,122,23
106,494,f,33,122,23
107,360,f,48,82,23
108,376,f,42,80,23
109,512,f,32,79,23
110,388,f,45,122,23
111,104,indet,4,122,23
112,8,indet,17,122,23
113,129,indet,indiff,81,23
114,393,f,48,122,23
115,444,f,64,79,23
116,513,f,34,80,23
117,394,f,48,80,23
118,404,f,45,80,23
119,525,f,37,122,23
120,416,f,55,80,23
121,127,indet,5,80,23
122,424,f,57,122,23
123,533,f,39,122,23
124,56,indet,18,122,23
125,428,f,45,79,23
126,214,f,28,81,23
127,433,f,51,82,23
128,438,f,42,79,23
129,448,f,45,80,23
130,493,f,64,79,23
131,557,f,38,80,23
132,498,f,70,122,23
133,59,indet,18,122,23
134,456,f,57,122,23
135,458,f,45,122,23
136,570,f,35,122,23
137,463,f,42,79,23
138,577,f,39,80,23
139,584,f,34,81,23
140,537,f,71,80,23
141,470,f,42,122,23
142,591,f,37,122,23
143,480,f,54,122,23
144,485,f,48,122,23
145,555,f,67,79,23
146,489,f,51,80,23
147,572,f,64,80,23
148,137,indet,5,82,23
149,618,f,36,122,23
150,166,indet,13,122,23
151,499,f,54,80,23
152,733,f,39,122,23
153,283,f,29,80,23
154,170,indet,indiff,81,23
155,504,f,45,122,23
156,511,f,45,79,23
157,526,f,60,80,23
158,535,f,42,80,23
159,545,f,52,80,23
160,568,f,48,122,23
161,744,f,37,122,23
162,588,f,52,80,23
163,179,indet,7,80,23
164,180,indet,12,81,23
165,573,f,64,80,23
166,748,f,37,122,23
167,81,indet,17,81,23
168,615,f,52,122,23
169,207,indet,indiff,81,23
170,784,f,39,122,23
171,846,f,39,122,23
172,627,f,42,122,23
173,887,f,35,122,23
174,905,f,32,122,23
175,583,f,64,80,23
176,665,f,46,122,23
177,672,f,48,122,23
178,906,f,39,122,23
179,913,f,30,122,23
180,108,indet,17,122,23
181,164,indet,5,81,23
182,692,f,48,122,23
183,619,f,61,122,23
184,650,f,67,122,23
185,916,f,39,122,23
186,928,f,37,122,23
187,720,f,62,122,23
188,930,f,32,122,23
189,714,f,45,122,23
190,721,f,43,122,23
191,197,indet,5,122,23
192,279,indet,indiff,81,23
193,932,f,32,122,23
194,726,f,42,122,23
195,367,indet,indiff,81,23
196,288,f,27,122,23
197,740,f,57,122,23
198,756,f,45,122,23
199,328,f,23,81,23
200,758,f,48,122,23
201,935,f,34,122,23
202,944,f,34,122,23
203,217,indet,indiff,122,23
204,945,f,37,122,23
205,767,f,51,122,23
206,724,f,70,122,23
207,206,indet,5,80,23
208,775,f,42,122,23
209,788,f,64,122,23
210,789,f,48,122,23
211,797,f,61,122,23
212,799,f,45,122,23
213,228,indet,12,122,23
214,35,m,34,122,23
215,222,indet,5,82,23
216,230,indet,5,80,23
217,810,f,51,122,23
218,834,f,43,122,23
219,875,f,51,122,23
220,879,f,48,122,23
221,236,indet,indiff,80,23
222,237,indet,12,82,23
223,76,m,39,82,23
224,884,f,54,122,23
225,147,m,37,82,23
226,894,f,51,122,23
227,154,m,30,82,23
228,231,indet,5,80,23
229,165,m,39,81,23
230,338,f,26,82,23
231,183,indet,indiff,82,23
232,210,indet,indiff,82,23
233,177,m,34,80,23
234,897,f,54,122,23
235,242,indet,5,81,23
236,917,f,48,122,23
237,184,m,39,81,23
238,249,indet,3,81,23
239,252,indet,4,122,23
240,952,f,60,122,23
241,971,f,42,122,23
242,263a,f,48,122,23
243,344,f,29,82,23
244,11,m,57,122,23
245,185,m,31,122,23
246,15,m,57,122,23
247,24,m,45,122,23
248,218,m,33,82,23
249,30,m,58,122,23
250,915,f,71,122,23
251,265,indet,10,122,23
252,32,m,42,122,23
253,353,f,27,82,23
254,240,m,32,82,23
255,259,m,37,81,23
256,262,m,32,122,23
257,79,m,48,122,23
258,150,m,48,122,23
259,43,m,65,122,23
260,151,m,54,82,23
261,171,m,42,80,23
262,182,m,42,80,23
263,270,m,37,80,23
264,253,indet,4,122,23
265,188,m,60,82,23
266,279,m,37,82,23
267,246,indet,indiff,82,23
268,192,m,43,81,23
269,205,m,57,82,23
270,106,m,64,122,23
271,364,f,27,122,23
272,285,m,39,122,23
273,355,m,37,80,23
274,214,m,46,81,23
275,232,m,54,82,23
276,427,f,25,122,23
277,156,m,65,82,23
278,366,m,39,80,23
279,241,m,54,122,23
280,128,indet,18,122,23
281,277,indet,3,122,23
282,140,indet,18,80,23
283,372,m,36,82,23
284,250,m,42,80,23
285,182,indet,17,80,23
286,261,m,54,80,23
287,273,m,51,122,23
288,378,m,32,80,23
289,161,m,61,122,23
290,202,m,64,82,23
291,387,m,34,79,23
292,388,m,39,122,23
293,293,indet,4,80,23
294,226,m,67,82,23
295,274,m,48,80,23
296,286,m,45,81,23
297,413,m,34,122,23
298,482,m,32,122,23
299,297,m,57,80,23
300,305,m,57,82,23
301,272,m,67,82,23
302,303,indet,3,81,23
303,196,indet,17,82,23
304,314,m,57,122,23
305,300,m,71,80,23
306,315,m,42,80,23
307,320,m,54,122,23
308,441,f,28,122,23
309,443,f,29,80,23
310,292,indet,17,80,23
311,310,indet,3,80,23
312,483,m,30,79,23
313,332,m,45,122,23
314,321,indet,12,80,23
315,446,f,27,79,23
316,304,m,67,82,23
317,324,indet,indiff,82,23
318,294,indet,18,80,23
319,333,m,48,80,23
320,337,m,48,82,23
321,465,f,29,122,23
322,309,m,61,80,23
323,313,m,67,82,23
324,297,indet,18,80,23
325,338,m,45,82,23
326,497,m,37,79,23
327,338,m,42,82,23
328,330,m,61,80,23
329,343,m,51,122,23
330,338,m,67,82,23
331,348,m,45,122,23
332,348,m,47,122,23
333,500,m,39,79,23
334,379,m,48,122,23
335,383,m,51,80,23
336,406,m,54,80,23
337,420,m,45,80,23
338,357,m,62,80,23
339,466,f,23,80,23
340,429,m,48,122,23
341,505,m,30,80,23
342,433,m,45,122,23
343,342,indet,8,122,23
344,442,m,55,80,23
345,586,f,27,80,23
346,311,indet,18,80,23
347,317,indet,18,80,23
348,553,m,34,80,23
349,452,m,60,80,23
350,559,m,34,122,23
351,460,m,45,80,23
352,622,m,40,122,23
353,768,f,27,122,23
354,464,m,57,122,23
355,706,m,39,122,23
356,467,m,54,80,23
357,352,indet,11,122,23
358,844,f,29,122,23
359,491,m,45,79,23
360,762,m,32,122,23
361,359,m,67,80,23
362,380,m,66,79,23
363,501,m,57,122,23
364,386,m,61,122,23
365,502,m,48,79,23
366,516,m,42,79,23
367,776,m,39,122,23
368,518,m,45,79,23
369,471a,f,29,80,23
370,365,indet,11,80,23
371,805,m,39,122,23
372,245,indet,indiff,80,23
373,431,m,67,80,23
374,331,indet,18,81,23
375,523,m,42,122,23
376,345,indet,17,79,23
377,833,m,32,122,23
378,373,indet,10,80,23
379,318,indet,5,122,23
380,375,indet,12,80,23
381,524,m,48,122,23
382,374,indet,5,79,23
383,862,m,32,122,23
384,528,m,56,80,23
385,474,m,64,80,23
386,381,indet,indiff,80,23
387,346,indet,17,80,23
388,530,m,57,122,23
389,377,indet,5,122,23
390,554,m,57,79,23
391,492,m,61,80,23
392,878,m,34,122,23
393,563,m,48,80,23
394,898,m,37,122,23
395,389,indet,8,122,23
396,390,indet,4,122,23
397,904,m,32,122,23
398,503,m,70,79,23
399,581,m,45,122,23
400,589,m,52,80,23
401,567,m,61,79,23
402,912,m,40,122,23
403,257,m,28,80,23
404,398,indet,12,79,23
405,595,m,51,122,23
406,599,m,54,122,23
407,585,m,61,80,23
408,402,indet,12,80,23
409,604,m,41,122,23
410,613,m,48,122,23
411,921,m,37,122,23
412,666,m,57,122,23
413,407,indet,12,122,23
414,409,indet,1,79,23
415,369,indet,17,122,23
416,677,m,42,122,23
417,412,indet,12,79,23
418,926,m,39,122,23
419,2,indet,39,122,23
420,317,m,29,80,23
421,3,indet,37,122,23
422,704,m,56,122,23
423,598,m,61,122,23
424,5,indet,39,122,23
425,397,m,27,79,23
426,713,m,51,122,23
427,421,indet,5,79,23
428,6,indet,30,122,23
429,371,indet,17,80,23
430,718,m,60,122,23
431,755,m,67,122,23
432,426,indet,7,122,23
433,415,m,29,80,23
434,725,m,45,122,23
435,763,m,48,122,23
436,430,indet,indiff,80,23
437,772,m,64,122,23
438,382,indet,16,80,23
439,771,m,56,122,23
440,791,m,51,122,23
441,9,indet,32,122,23
442,13,indet,40,122,23
443,16,indet,33,122,23
444,825,m,42,122,23
445,830,m,48,122,23
446,832,m,51,122,23
447,423,indet,15,79,23
448,461,m,29,79,23
449,838,m,51,122,23
450,542,m,27,80,23
451,443,indet,0,122,23
452,773,m,61,122,23
453,23,indet,37,122,23
454,544,m,27,80,23
455,432,indet,17,122,23
456,841,m,57,122,23
457,40,indet,37,122,23
458,450,indet,14,122,23
459,41,indet,35,122,23
460,842,m,42,122,23
461,882,m,51,122,23
462,643,m,28,122,23
463,45,indet,37,122,23
464,885,m,45,122,23
465,889,m,54,122,23
466,891,m,45,122,23
467,459,indet,5,80,23
468,910,m,57,122,23
469,670,m,28,122,23
470,462,indet,13,79,23
471,945,m,53,122,23
472,975,m,57,122,23
473,719,m,27,122,23
474,850,m,29,122,23
475,186a,m,42,81,23
476,46,indet,32,122,23
477,48,indet,39,122,23
478,4,indet,54,122,23
479,63,indet,39,122,23
480,473,indet,10,79,23
481,787,m,64,122,23
482,14,indet,52,122,23
483,476,indet,3,79,23
484,477,indet,4,79,23
485,65,indet,39,122,23
486,895,m,29,122,23
487,20,indet,45,122,23
488,900,m,27,122,23
489,68,indet,37,122,23
490,69,indet,39,122,23
491,73,indet,32,81,23
492,22,indet,42,122,23
493,75,indet,32,82,23
494,867,m,64,122,23
495,90,indet,32,122,23
496,31,indet,54,122,23
497,490,indet,indiff,80,23
498,33,indet,50,122,23
499,7,indet,61,122,23
500,34,indet,64,122,23
501,94,indet,39,122,23
502,495,indet,12,80,23
503,496,indet,4,122,23
504,96,indet,32,122,23
505,60,indet,61,122,23
506,36,indet,45,122,23
507,100,indet,34,122,23
508,37,indet,54,122,23
509,38,indet,52,122,23
510,66,indet,64,122,23
511,39,indet,42,122,23
512,102,indet,37,122,23
513,107,indet,37,122,23
514,47,indet,44,122,23
515,508,indet,5,80,23
516,509,indet,5,79,23
517,50,indet,45,122,23
518,51,indet,54,122,23
519,109,indet,32,122,23
520,110,indet,32,122,23
521,114,indet,37,122,23
522,440,indet,18,80,23
523,53,indet,42,122,23
524,517,indet,12,80,23
525,61,indet,41,122,23
526,62,indet,53,122,23
527,121,indet,32,80,23
528,132,indet,34,122,23
529,64,indet,48,122,23
530,67,indet,42,122,23
531,70,indet,43,122,23
532,135,indet,37,82,23
533,72,indet,42,82,23
534,527,indet,8,79,23
535,74,indet,60,82,23
536,152,indet,37,82,23
537,80,indet,57,122,23
538,531,indet,5,122,23
539,532,indet,12,122,23
540,155,indet,37,122,23
541,87,indet,57,122,23
542,92,indet,42,122,23
543,93,indet,46,122,23
544,91,indet,61,122,23
545,539,indet,10,80,23
546,95,indet,49,122,23
547,956,m,22,122,23
548,963,m,29,122,23
549,168,indet,33,82,23
550,112,indet,27,122,23
551,113,indet,56,122,23
552,546,indet,8,122,23
553,189,indet,30,82,23
554,115,indet,58,122,23
555,126,indet,42,82,23
556,169,indet,29,122,23
557,130,indet,46,80,23
558,190,indet,37,82,23
559,133,indet,45,122,23
560,99,indet,65,122,23
561,194,indet,39,80,23
562,558,indet,10,80,23
563,200,indet,40,82,23
564,211,indet,27,82,23
565,134,indet,46,82,23
566,203,indet,37,82,23
567,136,indet,51,80,23
568,216,indet,40,81,23
569,229,indet,37,122,23
570,101,indet,67,122,23
571,138,indet,54,82,23
572,143,indet,48,82,23
573,238,indet,34,82,23
574,515,indet,17,79,23
575,103,indet,71,122,23
576,111,indet,66,122,23
577,241,indet,37,80,23
578,575,indet,12,80,23
579,244,indet,29,80,23
580,243,indet,32,82,23
581,578,indet,12,80,23
582,153,indet,42,82,23
583,160,indet,51,82,23
584,131,indet,64,80,23
585,251,indet,32,81,23
586,146,indet,62,82,23
587,267,indet,29,82,23
588,268,indet,33,82,23
589,162,indet,51,82,23
590,167,indet,45,81,23
591,590,indet,12,122,23
592,269,indet,39,82,23
593,592,indet,12,122,23
594,172,indet,45,80,23
595,173,indet,60,81,23
596,174,indet,52,82,23
597,597,indet,12,122,23
598,163,indet,61,122,23
599,193,indet,54,82,23
600,197,indet,48,122,23
601,276,indet,40,80,23
602,316,indet,28,80,23
603,204,indet,57,82,23
604,212,indet,45,82,23
605,290,indet,39,122,23
606,181,indet,66,81,23
607,299,indet,34,81,23
608,213,indet,57,82,23
609,219,indet,45,82,23
610,227,indet,45,82,23
611,233,indet,42,82,23
612,307,indet,39,122,23
613,234,indet,48,82,23
614,308,indet,39,79,23
615,319,indet,39,80,23
616,347,indet,34,80,23
617,191,indet,71,82,23
618,198,indet,69,80,23
619,350,indet,39,81,23
620,391,indet,30,80,23
621,199,indet,71,80,23
622,255,indet,60,122,23
623,256,indet,45,80,23
624,396,indet,34,79,23
625,263,indet,57,79,23
626,220,indet,71,122,23
627,434,indet,32,80,23
628,266,indet,51,81,23
629,631,indet,5,122,23
630,436,indet,39,80,23
631,633,indet,12,122,23
632,224,indet,67,80,23
633,449,indet,37,80,23
634,271,indet,51,82,23
635,322,indet,27,122,23
636,639,indet,5,122,23
637,264,indet,62,82,23
638,323,indet,62,80,23
639,329,indet,62,80,23
640,348,indet,27,122,23
641,419,indet,29,122,23
642,291,indet,57,80,23
643,454,indet,28,122,23
644,649,indet,indiff,122,23
645,334,indet,61,122,23
646,455,indet,39,81,23
647,653,indet,indiff,122,23
648,468,indet,39,80,23
649,425,indet,64,122,23
650,296,indet,42,80,23
651,298,indet,57,80,23
652,658,indet,10,122,23
653,309,indet,41,122,23
654,660,indet,13,122,23
655,326,indet,54,80,23
656,663,indet,5,122,23
657,664,indet,12,122,23
658,327,indet,51,82,23
659,335,indet,42,80,23
660,487,indet,61,81,23
661,472,indet,37,81,23
662,484,indet,37,122,23
663,479,indet,27,80,23
664,339,indet,53,122,23
665,341,indet,54,122,23
666,486,indet,37,122,23
667,354,indet,42,122,23
668,608,indet,61,122,23
669,506,indet,32,80,23
670,361,indet,45,79,23
671,514,indet,32,80,23
672,520,indet,34,122,23
673,364,indet,42,122,23
674,681,indet,5,122,23
675,682,indet,10,122,23
676,370,indet,45,80,23
677,385,indet,48,122,23
678,399,indet,54,80,23
679,521,indet,32,122,23
680,688,indet,5,122,23
681,689,indet,8,122,23
682,529,indet,39,122,23
683,620,indet,64,122,23
684,400,indet,51,79,23
685,403,indet,42,82,23
686,411,indet,49,82,23
687,437,indet,54,79,23
688,543,indet,39,80,23
689,623,indet,61,122,23
690,628,indet,61,122,23
691,700,indet,5,122,23
692,547,indet,35,80,23
693,439,indet,45,79,23
694,571,indet,17,122,23
695,453,indet,49,122,23
696,481,indet,27,122,23
697,562,indet,35,80,23
698,564,indet,37,82,23
699,634,indet,65,122,23
700,457,indet,51,80,23
701,566,indet,38,122,23
702,475,indet,54,122,23
703,507,indet,42,122,23
704,510,indet,48,122,23
705,715,indet,5,122,23
706,574,indet,37,122,23
707,640,indet,67,122,23
708,519,indet,45,80,23
709,541,indet,29,122,23
710,641,indet,67,122,23
711,522,indet,46,122,23
712,642,indet,64,122,23
713,587,indet,37,79,23
714,655,indet,61,122,23
715,534,indet,45,122,23
716,536,indet,41,122,23
717,540,indet,43,122,23
718,729,indet,7,122,23
719,731,f,7,122,23
720,667,indet,61,122,23
721,601,indet,37,122,23
722,607,indet,35,122,23
723,548,indet,43,122,23
724,609,indet,34,122,23
725,675,indet,64,122,23
726,738,indet,5,122,23
727,549,indet,48,122,23
728,690,indet,61,122,23
729,552,indet,51,80,23
730,741,indet,5,122,23
731,561,indet,46,122,23
732,743,indet,12,122,23
733,614,indet,39,122,23
734,569,indet,48,80,23
735,746,indet,8,122,23
736,747,indet,8,122,23
737,616,indet,39,122,23
738,697,indet,61,122,23
739,699,indet,61,122,23
740,582,indet,48,80,23
741,593,indet,51,122,23
742,594,indet,45,122,23
743,617,indet,32,122,23
744,709,indet,64,122,23
745,600,indet,43,122,23
746,717,indet,65,122,23
747,606,indet,48,122,23
748,610,indet,45,122,23
749,611,indet,51,122,23
750,761,indet,8,122,23
751,621,indet,37,122,23
752,612,indet,43,122,23
753,626,indet,37,122,23
754,624,indet,60,122,23
755,625,indet,48,122,23
756,630,indet,57,122,23
757,550,indet,29,79,23
758,636,indet,45,122,23
759,703,indet,17,122,23
760,646,indet,49,122,23
761,722,indet,62,122,23
762,732,indet,62,122,23
763,629,indet,34,122,23
764,656,indet,49,122,23
765,632,indet,39,122,23
766,635,indet,32,122,23
767,778,indet,3,122,23
768,560,indet,29,80,23
769,781,indet,5,122,23
770,657,indet,42,122,23
771,652,indet,30,122,23
772,659,indet,51,122,23
773,654,indet,33,122,23
774,737,indet,61,122,23
775,739,indet,61,122,23
776,662,indet,45,122,23
777,671,indet,48,122,23
778,674,indet,48,122,23
779,770,indet,17,122,23
780,794,indet,5,122,23
781,749,indet,65,122,23
782,576,indet,29,80,23
783,680,indet,48,122,23
784,603,indet,29,122,23
785,801,indet,4,122,23
786,668,indet,37,122,23
787,803,indet,5,122,23
788,683,indet,55,122,23
789,669,indet,40,122,23
790,684,indet,45,122,23
791,673,indet,30,122,23
792,676,indet,35,122,23
793,809,indet,5,122,23
794,685,indet,52,122,23
795,693,indet,57,122,23
796,812,indet,1,122,23
797,678,indet,34,122,23
798,694,indet,48,122,23
799,815,indet,5,122,23
800,695,indet,42,122,23
801,679,indet,32,122,23
802,702,indet,51,122,23
803,750,indet,71,122,23
804,820,indet,5,122,23
805,757,indet,70,122,23
806,822,indet,12,122,23
807,793,indet,17,122,23
808,710,indet,42,122,23
809,826,indet,12,122,23
810,686,indet,39,122,23
811,712,indet,42,122,23
812,829,indet,10,122,23
813,727,indet,42,122,23
814,735,indet,48,122,23
815,831,indet,4,122,23
816,738,indet,45,122,23
817,690,indet,39,122,23
818,742,indet,45,122,23
819,745,indet,54,122,23
820,836,indet,3,122,23
821,696,indet,39,122,23
822,751,indet,45,122,23
823,638,indet,29,122,23
824,840,indet,8,122,23
825,752,indet,42,122,23
826,753,indet,42,122,23
827,645,indet,27,122,23
828,647,indet,29,122,23
829,759,indet,48,122,23
830,701,indet,39,122,23
831,847,indet,2,122,23
832,707,indet,39,122,23
833,760,indet,45,122,23
834,705,indet,29,122,23
835,851,indet,1,122,23
836,853,indet,8,122,23
837,854,indet,9,122,23
838,855,indet,8,122,23
839,856,indet,3,122,23
840,857,indet,8,122,23
841,765,indet,45,122,23
842,779,indet,25,122,23
843,860,indet,3,122,23
844,861,indet,5,122,23
845,711,indet,37,122,23
846,716,indet,34,122,23
847,766,indet,45,122,23
848,723,indet,37,122,23
849,819,indet,64,122,23
850,868,indet,3,122,23
851,769,indet,48,122,23
852,783,indet,45,122,23
853,734,indet,32,122,23
854,872,indet,3,122,23
855,873,indet,2,122,23
856,874,indet,18,122,23
857,785,indet,60,122,23
858,736,indet,39,122,23
859,790,indet,54,122,23
860,881,indet,9,122,23
861,804,indet,42,122,23
862,754,indet,34,122,23
863,883,indet,3,122,23
864,806,indet,42,122,23
865,811,indet,57,122,23
866,764,indet,34,122,23
867,774,indet,39,122,23
868,888,indet,19,122,23
869,814,indet,42,122,23
870,816,indet,48,122,23
871,818,indet,60,122,23
872,798,indet,27,122,23
873,828,indet,45,122,23
874,777,indet,39,122,23
875,800,indet,28,122,23
876,830,indet,45,122,23
877,786,indet,34,122,23
878,802,indet,32,122,23
879,807,indet,33,122,23
880,907,indet,8,122,23
881,821,indet,61,122,23
882,808,indet,35,122,23
883,835,indet,42,122,23
884,813,indet,37,122,23
885,817,indet,32,122,23
886,914,indet,12,122,23
887,908,indet,62,122,23
888,827,indet,32,122,23
889,845,indet,57,122,23
890,837,indet,39,122,23
891,920,indet,5,122,23
892,848,indet,37,122,23
893,922,indet,8,122,23
894,849,indet,54,122,23
895,924,indet,17,122,23
896,863,indet,39,122,23
897,866,indet,32,122,23
898,929,indet,8,122,23
899,871,indet,39,122,23
900,858,indet,48,122,23
901,882,indet,39,122,23
902,865,indet,42,122,23
903,869,indet,42,122,23
904,886,indet,40,122,23
905,870,indet,42,122,23
906,909,indet,32,122,23
907,941,indet,8,122,23
908,839,indet,29,122,23
909,919,indet,33,122,23
910,940,indet,37,122,23
911,902,indet,51,122,23
912,943,indet,32,122,23
913,923,indet,54,122,23
914,947,indet,8,122,23
915,931,indet,60,122,23
916,933,indet,52,122,23
917,843,indet,29,122,23
918,951,indet,61,122,23
919,934,indet,45,122,23
920,937,indet,42,122,23
921,955,indet,3,122,23
922,859,indet,29,122,23
923,957,indet,32,122,23
924,946,indet,59,122,23
925,959,indet,39,122,23
926,948,indet,51,122,23
927,961,indet,5,122,23
928,949,indet,48,122,23
929,942,indet,29,122,23
930,964,indet,indiff,122,23
931,954,indet,60,122,23
932,968,indet,62,122,23
933,958,indet,51,122,23
934,970,indet,34,122,23
935,960,indet,42,122,23
936,962,indet,54,122,23
937,966,indet,45,122,23
938,969,indet,51,122,23
939,976,indet,45,122,23
940,979,indet,17,122,23
941,981,indet,39,122,23
942,982,indet,40,122,23
943,977,indet,54,122,23
944,978,indet,54,122,23
945,985,indet,34,122,23
946,114b,indet,71,122,23
947,125 I,indet,4,82,23
948,983,indet,48,122,23
949,984,indet,54,122,23
950,176a,indet,12,82,23
951,176a,indet,61,82,23
952,125 II,indet,42,82,23
953,172b,indet,57,82,23
954,187a,indet,3,81,23
955,187b,indet,5,82,23
956,221a,indet,37,80,23
957,221b,indet,17,81,23
958,181a,indet,45,82,23
959,280b,indet,61,81,23
960,280c,indet,54,82,23
961,282b,indet,43,122,23
962,950,indet,29,122,23
963,471b,indet,54,80,23
964,605-1,indet,32,122,23
965,605-2,indet,65,122,23
966,786b,indet,37,122,23
967,906b,indet,4,122,23
968,bei 186,indet,37,82,23
969,53,indet,indiff,28,5
970,129,indet,indiff,28,5
971,143,indet,indiff,28,5
972,144,indet,indiff,28,5
973,148,indet,indiff,28,5
974,152,indet,indiff,28,5
975,157,indet,indiff,28,5
976,165 A,indet,indiff,28,5
977,169,indet,indiff,28,5
978,173,indet,indiff,28,5
979,181,indet,indiff,28,5
980,9,indet,indiff,116,5
981,19,indet,indiff,116,5
982,39,indet,indiff,116,5
983,40,indet,indiff,116,5
984,49,f,ad,116,5
985,51,indet,indiff,116,5
986,55,f,fad,116,5
987,94,indet,indiff,116,5
988,98,indet,indiff,116,5
989,104,m,ad,116,5
990,125,indet,inf1,116,5
991,126,indet,indiff,116,5
992,128,indet,indiff,116,5
993,130,indet,indiff,116,5
994,134,indet,indiff,116,5
995,135,indet,indiff,116,5
996,163 B,indet,indiff,116,5
997,6,m,ad,45,32
998,8,f,ad,121,32
999,7,indet,inf1,121,32
1000,15,m,mat,46,32
1001,5,indet,indiff,121,32
1002,10,indet,juv,121,32
1003,11,m,inf2,44,32
1004,7_1,indet,indiff,121,32
1005,9,indet,indiff,121,32
1006,19,f,mat,46,32
1007,21,m,ad,121,32
1008,16,m,juv,121,32
1009,12,indet,juv,121,32
1010,4,m,ad,121,32
1011,20,indet,indiff,121,32
1012,14,indet,indiff,121,32
1013,17,indet,indiff,121,32
1014,18,indet,indiff,121,32
1015,13,indet,indiff,121,32
1016,24,indet,ad,46,32
1017,26,indet,inf1,121,32
1018,27,m,ad,46,32
1019,25,m,sen,121,32
1020,28,indet,indiff,121,32
1021,22,indet,ad,121,32
1022,3,f,inf1,121,32
1023,1,indet,inf2,121,32
1024,2,m,ad,121,32
1025,23,indet,juv,121,32
1026,1,indet,indiff,121,7
1027,2,indet,indiff,113,7
1028,3,indet,indiff,121,7
1029,4,indet,indiff,121,7
1030,5,indet,indiff,111,7
1031,6,indet,indiff,114,7
1032,7,indet,indiff,114,7
1033,8,indet,indiff,109,7
1034,9,indet,indiff,121,7
1035,10,indet,indiff,121,7
1036,11,indet,indiff,112,7
1037,12,indet,indiff,112,7
1038,13,indet,indiff,112,7
1039,14,indet,indiff,112,7
1040,15,indet,indiff,112,7
1041,16,indet,indiff,121,7
1042,17,indet,indiff,121,7
1043,18,indet,indiff,121,7
1044,19,indet,indiff,112,7
1045,20,indet,indiff,121,7
1046,21,indet,indiff,121,7
1047,22,indet,indiff,121,7
1048,23,indet,indiff,121,7
1049,24,indet,indiff,121,7
1050,25,indet,indiff,121,7
1051,26,indet,indiff,121,7
1052,27,indet,indiff,121,7
1053,28,indet,indiff,121,7
1054,29,indet,indiff,121,7
1055,30,indet,indiff,112,7
1056,31,indet,indiff,121,7
1057,32,indet,indiff,112,7
1058,33,indet,indiff,112,7
1059,34,indet,indiff,112,7
1060,35,indet,indiff,110,7
1061,36,indet,indiff,114,7
1062,37,indet,indiff,110,7
1063,38,indet,indiff,110,7
1064,39,indet,indiff,121,7
1065,40,indet,indiff,110,7
1066,41,indet,indiff,121,7
1067,42,indet,indiff,110,7
1068,43,indet,indiff,121,7
1069,44,indet,indiff,111,7
1070,45,indet,indiff,111,7
1071,46,indet,indiff,109,7
1072,47,indet,indiff,109,7
1073,48,indet,indiff,110,7
1074,49,indet,indiff,121,7
1075,50,indet,indiff,121,7
1076,51,indet,indiff,110,7
1077,52,indet,indiff,110,7
1078,53,indet,indiff,121,7
1079,54,indet,indiff,110,7
1080,55,indet,indiff,111,7
1081,56,indet,indiff,110,7
1082,57,indet,indiff,121,7
1083,58,indet,indiff,108,7
1084,59,indet,indiff,121,7
1085,60,indet,indiff,119,7
1086,61,indet,indiff,121,7
1087,62,indet,indiff,121,7
1088,63ab,indet,indiff,109,7
1089,64,indet,indiff,121,7
1090,65,indet,indiff,121,7
1091,66,indet,indiff,121,7
1092,67,indet,indiff,110,7
1093,68,indet,indiff,121,7
1094,69,indet,indiff,110,7
1095,70,indet,indiff,121,7
1096,71,indet,indiff,121,7
1097,72,indet,indiff,114,7
1098,73,indet,indiff,121,7
1099,74,indet,indiff,121,7
1100,75,indet,indiff,112,7
1101,76,indet,indiff,121,7
1102,77,indet,indiff,112,7
1103,78,indet,indiff,112,7
1104,79,indet,indiff,112,7
1105,80,indet,indiff,114,7
1106,81,indet,indiff,109,7
1107,82,indet,indiff,113,7
1108,83,indet,indiff,111,7
1109,84,indet,indiff,111,7
1110,85,indet,indiff,113,7
1111,86,indet,indiff,114,7
1112,87,indet,indiff,121,7
1113,88,indet,indiff,121,7
1114,89,indet,indiff,111,7
1115,90ab,indet,indiff,119,7
1116,91,indet,indiff,113,7
1117,92,indet,indiff,114,7
1118,93,indet,indiff,114,7
1119,94,indet,indiff,114,7
1120,95,indet,indiff,111,7
1121,96,indet,indiff,119,7
1122,97,indet,indiff,114,7
1123,98,indet,indiff,113,7
1124,99,indet,indiff,114,7
1125,100,indet,indiff,110,7
1126,101,indet,indiff,114,7
1127,102,indet,indiff,109,7
1128,103,indet,indiff,114,7
1129,104,indet,indiff,119,7
1130,105,indet,indiff,121,7
1131,106,indet,indiff,121,7
1132,107,indet,indiff,121,7
1133,108,indet,indiff,112,7
1134,109,indet,indiff,121,7
1135,110,indet,indiff,117,7
1136,111,indet,indiff,110,7
1137,112,indet,indiff,114,7
1138,113,indet,indiff,110,7
1139,114,indet,indiff,114,7
1140,115,indet,indiff,114,7
1141,116,indet,indiff,114,7
1142,117,indet,indiff,114,7
1143,118,indet,indiff,114,7
1144,119,indet,indiff,110,7
1145,120,indet,indiff,114,7
1146,121,indet,indiff,114,7
1147,122,indet,indiff,114,7
1148,123,indet,indiff,121,7
1149,124,indet,indiff,121,7
1150,125,indet,indiff,121,7
1151,126,indet,indiff,114,7
1152,127,indet,indiff,121,7
1153,128,indet,indiff,121,7
1154,129,indet,indiff,121,7
1155,130,indet,indiff,121,7
1156,131,indet,indiff,121,7
1157,132,indet,indiff,121,7
1158,133,indet,indiff,121,7
1159,134,indet,indiff,121,7
1160,135,indet,indiff,112,7
1161,136,indet,indiff,114,7
1162,137,indet,indiff,121,7
1163,138,indet,indiff,121,7
1164,139,indet,indiff,121,7
1165,140,indet,indiff,121,7
1166,141,indet,indiff,121,7
1167,142,indet,indiff,121,7
1168,143,indet,indiff,121,7
1169,144,indet,indiff,121,7
1170,145,indet,indiff,121,7
1171,146,indet,indiff,121,7
1172,147,indet,indiff,121,7
1173,148,indet,indiff,121,7
1174,149,indet,indiff,121,7
1175,150,indet,indiff,117,7
1176,151,indet,indiff,121,7
1177,152,indet,indiff,112,7
1178,1,indet,ad,113,26
1179,2,indet,ad,113,26
1180,3,indet,ad,113,26
1181,4,indet,inf1,113,26
1182,5,indet,inf1,113,26
1183,6,indet,juv,113,26
1184,7,indet,inf1,113,26
1185,8,indet,inf1,113,26
1186,9,indet,inf1,113,26
1187,10,indet,ad,113,26
1188,11,indet,ad,113,26
1189,12,indet,ad,113,26
1190,13,f,ad,113,26
1191,14,indet,fad,113,26
1192,15,indet,indiff,113,26
1193,16,indet,indiff,113,26
1194,17,indet,ad,113,26
1195,18,indet,indiff,113,26
1196,19,indet,ad,113,26
1197,21,indet,inf1,113,26
1198,22,indet,inf2,113,26
1199,23,f,ad,113,26
1200,25,indet,indiff,113,26
1201,26,m,ad,113,26
1202,27,indet,ad,113,26
1203,28,f,ad,113,26
1204,29,indet,inf1,113,26
1205,30,indet,inf1,113,26
1206,31,indet,indiff,113,26
1207,32,indet,ad,113,26
1208,34,indet,ad,113,26
1209,36,f,ad,113,26
1210,37,indet,indiff,113,26
1211,39,indet,inf2,113,26
1212,40_2,indet,inf2,113,26
1213,40,indet,ad,113,26
1214,41,indet,inf2,113,26
1215,42,indet,mat,113,26
1216,43,f,ad,113,26
1217,46,indet,inf1,113,26
1218,47,indet,juv,113,26
1219,48,indet,inf1,113,26
1220,49,indet,inf1,113,26
1221,50,indet,inf1,113,26
1222,51,indet,indiff,113,26
1223,52,indet,ad,113,26
1224,53,indet,inf1,113,26
1225,54,indet,indiff,113,26
1226,55,m,ad,113,26
1227,56,indet,indiff,113,26
1228,57,indet,inf1,113,26
1229,58,m,ad,113,26
1230,59,indet,inf1,113,26
1231,60,indet,inf2,113,26
1232,61,m,ad,113,26
1233,62,indet,indiff,113,26
1234,63,indet,ad,113,26
1235,64,indet,inf1,113,26
1236,65,m,ad,113,26
1237,65_2,f,ad,113,26
1238,66,f,ad,113,26
1239,67,indet,juv,113,26
1240,67_2,indet,ad,113,26
1241,67_3,f,ad,113,26
1242,68,f,ad,113,26
1243,69,m,ad,113,26
1244,71,f,ad,113,26
1245,72,indet,inf1,113,26
1246,73,f,ad,113,26
1247,74,indet,inf1,113,26
1248,75,m,ad,113,26
1249,75_2,f,ad,113,26
1250,76,f,ad,113,26
1251,77,m,ad,113,26
1252,78,indet,inf2,113,26
1253,79,f,ad,113,26
1254,80,f,ad,113,26
1255,81,f,ad,113,26
1256,82,f,ad,113,26
1257,83,f,ad,113,26
1258,84,indet,indiff,113,26
1259,86,indet,indiff,113,26
1260,85,indet,juv,113,26
1261,87,indet,ad,113,26
1262,88,indet,indiff,113,26
1263,89,indet,inf1,113,26
1264,91,indet,juv,113,26
1265,92,indet,indiff,113,26
1266,93,indet,inf1,113,26
1267,94,f,sen,113,26
1268,95,m,ad,113,26
1269,96,indet,indiff,113,26
1270,97,indet,ad,113,26
1271,98,indet,inf1,113,26
1272,99,indet,inf2,113,26
1273,100,f,ad,113,26
1274,101,indet,inf1,113,26
1275,102,m,ad,113,26
1276,103,m,ad,113,26
1277,104,f,ad,113,26
1278,105,m,ad,113,26
1279,106,m,ad,113,26
1280,106_2,indet,inf1,113,26
1281,107,m,ad,113,26
1282,108,m,ad,113,26
1283,108_2,indet,ad,113,26
1284,109,indet,inf1,113,26
1285,110,indet,ad,113,26
1286,111,indet,indiff,113,26
1287,112,indet,indiff,113,26
1288,113,m,ad,113,26
1289,114,f,ad,113,26
1290,115,indet,indiff,113,26
1291,116,indet,indiff,113,26
1292,117,indet,inf2,113,26
1293,118,indet,juv,113,26
1294,120,indet,indiff,113,26
1295,121,m,ad,113,26
1296,122,indet,inf2,113,26
1297,123,indet,indiff,113,26
1298,125,indet,ad,113,26
1299,127,indet,juv,113,26
1300,128,f,ad,113,26
1301,129,indet,mat,113,26
1302,130,indet,inf1,113,26
1303,131,indet,inf1,113,26
1304,133,f,ad,113,26
1305,134,indet,inf1,113,26
1306,135,indet,indiff,113,26
1307,137,f,ad,113,26
1308,138,m,ad,113,26
1309,139,indet,indiff,113,26
1310,140,indet,juv,113,26
1311,142,indet,indiff,113,26
1312,143,indet,inf2,113,26
1313,144,indet,inf2,113,26
1314,145,indet,inf1,113,26
1315,150,indet,inf1,113,26
1316,151,m,ad,113,26
1317,152,indet,ad,113,26
1318,153,f,ad,113,26
1319,156,m,ad,113,26
1320,157,indet,inf1,113,26
1321,158,indet,inf1,113,26
1322,159,indet,ad,113,26
1323,160,m,fad,113,26
1324,161,indet,inf1,113,26
1325,162,indet,ad,113,26
1326,166,indet,juv,113,26
1327,167,indet,ad,113,26
1328,168,indet,inf1,113,26
1329,169,indet,inf1,113,26
1330,170,m,mat,113,26
1331,171,m,ad,113,26
1332,172,indet,inf1,113,26
1333,174,indet,ad,113,26
1334,175,indet,indiff,113,26
1335,176,indet,inf1,113,26
1336,177,indet,indiff,113,26
1337,179,indet,ad,113,26
1338,180,indet,ad,113,26
1339,181,m,ad,113,26
1340,182,indet,juv,113,26
1341,183,indet,inf1,113,26
1342,184,m,ad,113,26
1343,184_2,m,ad,113,26
1344,186,indet,ad,113,26
1345,187,indet,ad,113,26
1346,188,indet,juv,113,26
1347,189,m,ad,113,26
1348,190,indet,inf2,113,26
1349,191,indet,inf1,113,26
1350,192,m,ad,113,26
1351,193,indet,ad,113,26
1352,193_2,indet,inf2,113,26
1353,194,f,ad,113,26
1354,194_2,f,ad,113,26
1355,195,f,ad,113,26
1356,196,m,ad,113,26
1357,197,indet,inf1,113,26
1358,198,indet,inf1,113,26
1359,199,m,ad,113,26
1360,199_2,f,ad,113,26
1361,200,indet,inf2,113,26
1362,202,indet,ad,113,26
1363,203,indet,ad,113,26
1364,204,f,ad,113,26
1365,205,indet,ad,113,26
1366,206,indet,ad,113,26
1367,207,indet,ad,113,26
1368,208,indet,juv,113,26
1369,209,indet,indiff,113,26
1370,210,indet,inf1,113,26
1371,211,indet,indiff,113,26
1372,212,m,ad,113,26
1373,215,indet,indiff,113,26
1374,216,f,ad,113,26
1375,217,m,ad,113,26
1376,218,m,ad,113,26
1377,219,m,ad,113,26
1378,220,indet,juv,113,26
1379,221,indet,juv,113,26
1380,221_2,indet,indiff,113,26
1381,222,indet,inf1,113,26
1382,223,indet,juv,113,26
1383,224,indet,ad,113,26
1384,225,indet,ad,113,26
1385,226,indet,inf1,113,26
1386,227,indet,inf1,113,26
1387,228,indet,ad,113,26
1388,229,indet,ad,113,26
1389,230,f,ad,113,26
1390,232,indet,indiff,113,26
1391,233,indet,indiff,113,26
1392,234,f,ad,113,26
1393,235,indet,indiff,113,26
1394,236,indet,juv,113,26
1395,237,f,ad,113,26
1396,238,indet,ad,113,26
1397,239,m,ad,113,26
1398,240,indet,inf1,113,26
1399,241,indet,ad,113,26
1400,242,m,ad,113,26
1401,242_2,f,mat,113,26
1402,243,indet,ad,113,26
1403,244,indet,indiff,113,26
1404,245,indet,ad,113,26
1405,246,indet,ad,113,26
1406,247,f,ad,113,26
1407,247_2,indet,inf1,113,26
1408,248,indet,inf1,113,26
1409,249,indet,inf1,113,26
1410,251,f,ad,113,26
1411,252,indet,inf1,113,26
1412,253,indet,ad,113,26
1413,254,m,ad,113,26
1414,255,m,ad,113,26
1415,256,indet,indiff,113,26
1416,257,m,ad,113,26
1417,258,m,ad,113,26
1418,259,m,ad,113,26
1419,260,indet,ad,113,26
1420,261,indet,inf1,113,26
1421,262,indet,indiff,113,26
1422,263,indet,inf1,113,26
1423,264,f,ad,113,26
1424,265,indet,ad,113,26
1425,266,indet,ad,113,26
1426,267,indet,inf2,113,26
1427,268,indet,juv,113,26
1428,269,indet,inf1,113,26
1429,270,indet,ad,113,26
1430,271,indet,inf1,113,26
1431,272,indet,indiff,113,26
1432,273,indet,juv,113,26
1433,274,indet,ad,113,26
1434,275,indet,indiff,113,26
1435,276,indet,ad,113,26
1436,277,indet,inf1,113,26
1437,278,indet,inf1,113,26
1438,279,indet,indiff,113,26
1439,280,indet,inf2,113,26
1440,281,indet,ad,113,26
1441,1,indet,ad,50,22
1442,2,m,juv,121,22
1443,3,m,fad,52,22
1444,4a,indet,ad,121,22
1445,4b,indet,fad,121,22
1446,5,m,mat,52,22
1447,5a,indet,juv,51,22
1448,6,indet,juv,51,22
1449,7,m,ad,121,22
1450,8,m,fad,51,22
1451,9,m,fad,52,22
1452,10,m,mat,121,22
1453,11,indet,indiff,121,22
1454,12,indet,inf1,121,22
1455,13,indet,indiff,121,22
1456,14,indet,juv,51,22
1457,15,indet,indiff,121,22
1458,16,m,fad,51,22
1459,17,indet,ad,50,22
1460,18,f,ad,51,22
1461,19,f,ad,51,22
1462,20,m,mat,52,22
1463,21_1,m,ad,51,22
1464,21_2,f,ad,51,22
1465,22_1,m,ad,50,22
1466,22_2,f,ad,50,22
1467,23,indet,ad,121,22
1468,24,f,fad,52,22
1469,25,f,ad,52,22
1470,26,indet,mat,52,22
1471,27,m,fad,51,22
1472,28,f,fad,52,22
1473,29,indet,indiff,52,22
1474,30,m,ad,121,22
1475,31,f,ad,52,22
1476,32,indet,inf2,121,22
1477,33,indet,indiff,121,22
1478,34,f,ad,51,22
1479,35,m,ad,121,22
1480,36,f,mat,51,22
1481,37,indet,inf2,121,22
1482,38,f,fad,52,22
1483,39,m,ad,121,22
1484,40,indet,indiff,52,22
1485,41,indet,indiff,121,22
1486,42_1,indet,juv,52,22
1487,42_2,m,mat,52,22
1488,43,indet,inf1,52,22
1489,44,f,fad,51,22
1490,45_1,m,ad,52,22
1491,45_2,f,ad,52,22
1492,46,indet,inf1,52,22
1493,47_1,m,mat,51,22
1494,47_2,f,ad,51,22
1495,48,indet,juv,52,22
1496,49,indet,ad,51,22
1497,50,f,fad,121,22
1498,51,f,mat,52,22
1499,52,f,fad,51,22
1500,53,indet,ad,52,22
1501,54,f,ad,121,22
1502,55,f,mat,52,22
1503,56,indet,ad,121,22
1504,57_1,indet,juv,121,22
1505,57_2,m,ad,121,22
1506,58,f,ad,121,22
1507,59,indet,inf1,121,22
1508,60,indet,indiff,121,22
1509,61,m,ad,53,22
1510,62,m,fad,52,22
1511,63,m,ad,51,22
1512,64,indet,inf2,52,22
1513,65,f,ad,52,22
1514,66,indet,inf1,51,22
1515,67,m,mat,51,22
1516,68,m,ad,52,22
1517,69,m,fad,52,22
1518,70,indet,ad,121,22
1519,71,m,ad,121,22
1520,72,f,ad,51,22
1521,73,indet,fad,121,22
1522,74,indet,inf2,52,22
1523,75,f,ad,121,22
1524,76,indet,inf2,51,22
1525,77,indet,ad,52,22
1526,78,m,mat,51,22
1527,79,indet,inf2,52,22
1528,80,indet,inf1,121,22
1529,81,m,ad,51,22
1530,82,m,ad,121,22
1531,83_1,m,ad,51,22
1532,83_2,indet,inf2,51,22
1533,84,m,ad,52,22
1534,85,indet,inf2,51,22
1535,86,m,mat,51,22
1536,87,f,mat,52,22
1537,88,indet,inf2,51,22
1538,89,m,mat,51,22
1539,90,m,mat,121,22
1540,91,f,ad,49,22
1541,92,indet,inf1,52,22
1542,93,m,ad,52,22
1543,94,indet,inf2,52,22
1544,95,indet,inf2,51,22
1545,96,indet,inf1,50,22
1546,97,indet,inf2,52,22
1547,98,indet,inf2,51,22
1548,99,indet,inf1,51,22
1549,100,indet,inf1,121,22
1550,101,f,ad,52,22
1551,102,indet,inf2,121,22
1552,103,m,ad,51,22
1553,104,indet,ad,52,22
1554,105,indet,mat,51,22
1555,106,indet,inf1,51,22
1556,107,indet,inf1,121,22
1557,108,m,mat,51,22
1558,109_1,m,ad,121,22
1559,109_2,f,fad,121,22
1560,110,indet,inf1,121,22
1561,111,m,juv,52,22
1562,112,indet,inf2,52,22
1563,113,indet,inf1,121,22
1564,114,indet,inf2,51,22
1565,115,m,ad,121,22
1566,116,indet,ad,121,22
1567,117,indet,inf1,121,22
1568,118,indet,indiff,51,22
1569,119,f,ad,51,22
1570,120,f,fad,51,22
1571,121_1,m,ad,50,22
1572,121_2,f,fad,50,22
1573,122,f,ad,50,22
1574,123_1,m,mat,51,22
1575,123_2,f,ad,51,22
1576,124,indet,inf2,52,22
1577,125,f,fad,121,22
1578,126,m,mat,121,22
1579,127,indet,inf2,121,22
1580,128,m,mat,121,22
1581,129,indet,indiff,51,22
1582,130_1,indet,juv,52,22
1583,130_2,m,ad,52,22
1584,131,indet,inf1,121,22
1585,132,f,fad,51,22
1586,133,f,ad,51,22
1587,134,f,fad,51,22
1588,135,indet,ad,52,22
1589,136,f,fad,121,22
1590,137,f,ad,121,22
1591,138,f,mat,51,22
1592,139,indet,ad,50,22
1593,140,m,mat,50,22
1594,141,indet,juv,50,22
1595,142,indet,indiff,50,22
1596,143,indet,indiff,52,22
1597,144,indet,indiff,121,22
1598,145,indet,indiff,121,22
1599,146_1,m,mat,51,22
1600,146_2,f,ad,51,22
1601,147,m,fad,121,22
1602,148_1,m,mat,50,22
1603,148_2,f,ad,50,22
1604,149,f,mat,121,22
1605,150_1,m,ad,50,22
1606,150_2,f,ad,50,22
1607,151,indet,ad,52,22
1608,152,indet,indiff,51,22
1609,153,indet,indiff,51,22
1610,154,m,mat,53,22
1611,155,f,fad,121,22
1612,156,f,mat,121,22
1613,157,indet,indiff,51,22
1614,158,indet,indiff,53,22
1615,159_1,m,ad,121,22
1616,159_2,indet,inf1,121,22
1617,160,indet,indiff,49,22
1618,161_1,m,fad,121,22
1619,161_2,indet,juv,121,22
1620,162,indet,indiff,51,22
1621,163,indet,inf1,121,22
1622,164,indet,inf2,51,22
1623,165,f,fad,121,22
1624,166,indet,indiff,121,22
1625,167,indet,inf1,121,22
1626,168,indet,juv,121,22
1627,169,indet,inf2,51,22
1628,170,indet,ad,121,22
1629,171,f,ad,121,22
1630,172,indet,indiff,51,22
1631,173,indet,inf1,121,22
1632,174,m,ad,121,22
1633,175,indet,ad,121,22
1634,176,m,ad,121,22
1635,177,m,mat,121,22
1636,178_1,m,ad,51,22
1637,178_2,f,fad,51,22
1638,179_1,m,mat,51,22
1639,179_2,indet,inf2,51,22
1640,180_1,m,ad,51,22
1641,180_2,f,ad,51,22
1642,181,indet,inf2,50,22
1643,182,m,ad,121,22
1644,183_1,m,mat,50,22
1645,183_2,f,fad,50,22
1646,184_1,m,mat,51,22
1647,184_2,indet,ad,51,22
1648,185,m,fad,121,22
1649,186,f,ad,121,22
1650,186a_1,f,ad,121,22
1651,186a_2,m,ad,121,22
1652,187,indet,fad,121,22
1653,188,m,ad,50,22
1654,189,f,ad,121,22
1655,190,indet,inf1,51,22
1656,191,m,fad,121,22
1657,192,indet,ad,121,22
1658,193,indet,inf2,121,22
1659,194,indet,inf2,121,22
1660,195,f,fad,50,22
1661,196,indet,juv,121,22
1662,197,indet,inf1,121,22
1663,198,f,ad,51,22
1664,199,indet,fad,50,22
1665,200,m,ad,51,22
1666,201,f,ad,121,22
1667,202,indet,indiff,52,22
1668,203,indet,indiff,121,22
1669,204,indet,indiff,51,22
1670,205,indet,indiff,50,22
1671,206,indet,indiff,50,22
1672,207,indet,indiff,50,22
1673,208,indet,indiff,51,22
1674,209,indet,indiff,121,22
1675,210,indet,indiff,121,22
1676,211,indet,indiff,121,22
1677,212,indet,indiff,121,22
1678,213,indet,indiff,121,22
1679,214,indet,indiff,121,22
1680,215,indet,indiff,121,22
1681,216,indet,indiff,50,22
1682,217,indet,indiff,121,22
1683,218,indet,indiff,52,22
1684,219,indet,indiff,121,22
1685,220,indet,indiff,121,22
1686,1,indet,indiff,121,20
1687,2,indet,indiff,52,20
1688,3,indet,indiff,122,20
1689,4,indet,indiff,122,20
1690,5,indet,indiff,122,20
1691,6,indet,indiff,113,20
1692,7,f,mat,113,20
1693,8,indet,mat,122,20
1694,9,f,mat,51,20
1695,10,indet,mat,122,20
1696,11,indet,indiff,52,20
1697,12,indet,indiff,51,20
1698,13,indet,indiff,122,20
1699,14,indet,indiff,51,20
1700,15,indet,indiff,51,20
1701,16,indet,indiff,51,20
1702,17,indet,inf1,51,20
1703,18,indet,mat,122,20
1704,19,indet,mat,50,20
1705,20,indet,indiff,113,20
1706,21,indet,indiff,122,20
1707,22,indet,indiff,50,20
1708,23,indet,indiff,51,20
1709,24,indet,indiff,50,20
1710,25,indet,mat,122,20
1711,26,indet,mat,122,20
1712,27,indet,indiff,122,20
1713,28,indet,mat,122,20
1714,29,indet,juv,122,20
1715,30,indet,mat,113,20
1716,31,indet,indiff,51,20
1717,32,indet,mat,122,20
1718,33,indet,indiff,122,20
1719,34,indet,indiff,122,20
1720,35,indet,indiff,113,20
1721,36,indet,inf2,113,20
1722,37,indet,inf2,113,20
1723,38,indet,indiff,113,20
1724,39,indet,indiff,113,20
1725,40,indet,indiff,122,20
1726,41,indet,mat,122,20
1727,42_1,indet,mat,113,20
1728,42_2,indet,mat,113,20
1729,43,indet,mat,122,20
1730,44,f,juv,51,20
1731,45,m,mat,113,20
1732,46,indet,mat,122,20
1733,47_1,indet,inf2,113,20
1734,47_2,indet,mat,113,20
1735,48,indet,sen,113,20
1736,49,indet,sen,113,20
1737,50,indet,sen,113,20
1738,51,indet,indiff,113,20
1739,52,indet,ad,122,20
1740,53,indet,inf1,113,20
1741,54,indet,mat,51,20
1742,55,indet,indiff,113,20
1743,56,indet,ad,51,20
1744,57,indet,mat,113,20
1745,58,indet,indiff,113,20
1746,59,indet,mat,51,20
1747,60,indet,indiff,51,20
1748,61,indet,mat,122,20
1749,62,indet,mat,113,20
1750,63,indet,juv,52,20
1751,64,indet,indiff,51,20
1752,65,indet,mat,51,20
1753,66,indet,mat,52,20
1754,67,indet,indiff,122,20
1755,68,indet,ad,122,20
1756,69,indet,indiff,52,20
1757,70,indet,mat,122,20
1758,71,indet,indiff,122,20
1759,72,indet,indiff,122,20
1760,73,indet,inf1,122,20
1761,74,m,sen,50,20
1762,75,f,mat,50,20
1763,76,indet,indiff,122,20
1764,77,indet,indiff,122,20
1765,78,indet,indiff,122,20
1766,79,indet,indiff,122,20
1767,80,indet,indiff,50,20
1768,81,indet,indiff,51,20
1769,82,indet,inf1,51,20
1770,83,indet,ad,51,20
1771,84_1,indet,inf2,122,20
1772,84_2,indet,ad,51,20
1773,85,indet,mat,51,20
1774,86,indet,indiff,122,20
1775,87,indet,mat,122,20
1776,88,indet,indiff,51,20
1777,89,indet,ad,51,20
1778,90,indet,mat,52,20
1779,91,indet,mat,122,20
1780,92,indet,mat,122,20
1781,93,indet,indiff,52,20
1782,94,indet,inf1,52,20
1783,95,indet,inf2,52,20
1784,96,indet,mat,51,20
1785,97,indet,indiff,122,20
1786,98,indet,indiff,122,20
1787,99,f,mat,122,20
1788,100,indet,inf1,51,20
1789,101,indet,mat,51,20
1790,102,indet,mat,51,20
1791,103,indet,indiff,122,20
1792,104,indet,indiff,122,20
1793,105,indet,indiff,122,20
1794,106,indet,mat,52,20
1795,107,indet,indiff,122,20
1796,108,indet,inf2,51,20
1797,109,indet,inf1,122,20
1798,110,indet,inf1,51,20
1799,111,f,mat,51,20
1800,112,f,ad,122,20
1801,113,indet,indiff,51,20
1802,114,indet,ad,122,20
1803,115_1,indet,inf1,122,20
1804,115_2,indet,ad,51,20
1805,116,indet,indiff,122,20
1806,117,indet,mat,52,20
1807,118,indet,mat,52,20
1808,119,indet,mat,52,20
1809,120,indet,indiff,52,20
1810,121,indet,sen,52,20
1811,122,m,mat,51,20
1812,123,f,sen,51,20
1813,124,f,mat,51,20
1814,125,indet,fad,122,20
1815,126,indet,indiff,122,20
1816,127,indet,indiff,122,20
1817,128,indet,indiff,122,20
1818,129,indet,indiff,122,20
1819,130,indet,fad,51,20
1820,131,indet,ad,51,20
1821,132,indet,inf1,52,20
1822,133,m,mat,51,20
1823,134,indet,mat,52,20
1824,135,m,mat,51,20
1825,136,indet,mat,52,20
1826,137,indet,indiff,52,20
1827,138,m,mat,52,20
1828,139,indet,mat,52,20
1829,140,f,mat,51,20
1830,141_1,indet,mat,51,20
1831,141_2,indet,inf2,51,20
1832,142,indet,indiff,51,20
1833,143,indet,indiff,51,20
1834,144,indet,ad,51,20
1835,145,indet,sen,51,20
1836,146,indet,mat,52,20
1837,147,m,sen,52,20
1838,148,m,mat,52,20
1839,149,f,fad,52,20
1840,150,indet,ad,52,20
1841,151,indet,ad,52,20
1842,152,m,mat,122,20
1843,153,indet,indiff,122,20
1844,154,indet,indiff,51,20
1845,155,indet,inf1,51,20
1846,156,indet,inf1,122,20
1847,157,indet,inf2,52,20
1848,158,indet,inf2,51,20
1849,159,indet,mat,122,20
1850,160,indet,ad,122,20
1851,161,indet,indiff,51,20
1852,162,indet,indiff,122,20
1853,163,indet,indiff,51,20
1854,164,f,sen,122,20
1855,165,indet,indiff,122,20
1856,166,indet,indiff,122,20
1857,167,indet,mat,51,20
1858,168,indet,indiff,51,20
1859,169,indet,indiff,122,20
1860,170,f,mat,122,20
1861,171,indet,indiff,51,20
1862,172,indet,indiff,122,20
1863,173,indet,indiff,122,20
1864,174,f,mat,51,20
1865,175,indet,mat,53,20
1866,176,indet,ad,50,20
1867,177,f,sen,51,20
1868,178,m,mat,122,20
1869,179,indet,mat,50,20
1870,180,indet,mat,53,20
1871,181,indet,mat,122,20
1872,182,indet,mat,52,20
1873,183,indet,mat,50,20
1874,184,indet,mat,51,20
1875,185,m,mat,51,20
1876,186,indet,indiff,51,20
1877,187,indet,indiff,51,20
1878,188,indet,indiff,54,20
1879,189,indet,indiff,52,20
1880,190,indet,indiff,52,20
1881,191,indet,mat,122,20
1882,192,indet,indiff,52,20
1883,193,indet,inf1,52,20
1884,194,indet,indiff,52,20
1885,195,indet,indiff,52,20
1886,196,indet,indiff,52,20
1887,197,indet,indiff,52,20
1888,198,indet,indiff,52,20
1889,199,m,mat,52,20
1890,200,indet,sen,52,20
1891,201,indet,mat,52,20
1892,202,indet,sen,52,20
1893,203,indet,ad,51,20
1894,204,indet,inf1,122,20
1895,205,indet,mat,122,20
1896,206,indet,mat,52,20
1897,207,indet,mat,51,20
1898,208,indet,fad,122,20
1899,209,indet,mat,52,20
1900,210,m,sen,52,20
1901,211,indet,ad,51,20
1902,212,indet,inf1,51,20
1903,213,indet,indiff,122,20
1904,214,indet,indiff,122,20
1905,215,indet,ad,122,20
1906,216,indet,indiff,52,20
1907,217,indet,inf1,51,20
1908,218,m,ad,51,20
1909,219,indet,mat,122,20
1910,220,indet,indiff,122,20
1911,221,indet,indiff,122,20
1912,222,m,mat,52,20
1913,223,m,mat,51,20
1914,224,indet,indiff,122,20
1915,225,indet,inf1,122,20
1916,226,indet,indiff,122,20
1917,227,indet,indiff,122,20
1918,228,indet,indiff,122,20
1919,229,indet,indiff,122,20
1920,230,indet,mat,52,20
1921,231,m,mat,52,20
1922,232,indet,ad,52,20
1923,233,indet,mat,122,20
1924,234,indet,mat,52,20
1925,235,indet,indiff,52,20
1926,236,indet,indiff,52,20
1927,237,f,sen,52,20
1928,238,m,mat,52,20
1929,239,f,mat,122,20
1930,240,indet,indiff,51,20
1931,241,indet,indiff,51,20
1932,242,indet,indiff,52,20
1933,243,f,mat,51,20
1934,244,m,mat,122,20
1935,245,m,mat,52,20
1936,246,indet,inf1,52,20
1937,247,indet,indiff,51,20
1938,248,indet,mat,51,20
1939,249,indet,indiff,51,20
1940,250,indet,indiff,122,20
1941,251,m,mat,50,20
1942,252,m,mat,52,20
1943,253,indet,inf1,52,20
1944,254,indet,indiff,51,20
1945,255,indet,indiff,122,20
1946,256,indet,indiff,122,20
1947,257,indet,indiff,122,20
1948,258,indet,indiff,52,20
1949,259,indet,fad,122,20
1950,260,indet,ad,52,20
1951,261,indet,ad,52,20
1952,262,indet,sen,52,20
1953,263,indet,indiff,122,20
1954,264,indet,indiff,122,20
1955,265,indet,indiff,51,20
1956,266,indet,mat,52,20
1957,267,indet,ad,52,20
1958,268,indet,indiff,52,20
1959,269,indet,indiff,52,20
1960,270,indet,ad,122,20
1961,271,indet,inf1,51,20
1962,272,indet,sen,52,20
1963,273,f,mat,52,20
1964,274,m,sen,51,20
1965,275,indet,mat,52,20
1966,276,indet,mat,52,20
1967,277,m,mat,51,20
1968,278,m,mat,51,20
1969,279,f,sen,51,20
1970,280,indet,juv,52,20
1971,281,indet,ad,53,20
1972,282,indet,juv,51,20
1973,283,indet,ad,122,20
1974,284,f,mat,52,20
1975,285,indet,ad,122,20
1976,286,indet,ad,122,20
1977,287,indet,juv,122,20
1978,288,indet,fad,122,20
1979,289,indet,fad,122,20
1980,290,indet,mat,52,20
1981,291,indet,indiff,51,20
1982,292,indet,indiff,122,20
1983,293,m,mat,52,20
1984,294,f,mat,51,20
1985,295,indet,indiff,51,20
1986,296,f,mat,51,20
1987,297,indet,indiff,122,20
1988,298,indet,mat,122,20
1989,299,indet,ad,51,20
1990,300,f,mat,52,20
1991,301,indet,ad,122,20
1992,302,indet,inf1,122,20
1993,303,indet,mat,51,20
1994,304,indet,indiff,122,20
1995,305,indet,indiff,52,20
1996,306,indet,mat,51,20
1997,307,indet,inf1,53,20
1998,308,indet,indiff,52,20
1999,309,indet,inf1,52,20
2000,310,indet,mat,52,20
2001,311,indet,ad,122,20
2002,312,indet,indiff,51,20
2003,313,indet,ad,122,20
2004,314,indet,mat,52,20
2005,315,f,mat,53,20
2006,316,indet,inf1,52,20
2007,317,indet,mat,122,20
2008,318,indet,mat,122,20
2009,319,indet,ad,53,20
2010,320,m,mat,52,20
2011,321,indet,mat,52,20
2012,322,indet,mat,52,20
2013,323,indet,mat,52,20
2014,324,indet,sen,52,20
2015,325,indet,indiff,52,20
2016,326,indet,mat,51,20
2017,327,indet,sen,52,20
2018,328,indet,sen,53,20
2019,329,indet,ad,51,20
2020,330,indet,juv,53,20
2021,331,indet,inf1,52,20
2022,332,indet,inf2,52,20
2023,333,indet,sen,52,20
2024,334,indet,ad,122,20
2025,335,indet,indiff,122,20
2026,336,indet,mat,52,20
2027,337,f,mat,51,20
2028,338,m,mat,52,20
2029,339,indet,inf1,122,20
2030,340,m,mat,52,20
2031,341,m,sen,52,20
2032,342,m,mat,52,20
2033,343,indet,mat,122,20
2034,344,indet,indiff,52,20
2035,345,indet,indiff,51,20
2036,346,indet,sen,122,20
2037,347,indet,juv,52,20
2038,348,indet,ad,122,20
2039,349,indet,mat,122,20
2040,350,indet,indiff,52,20
2041,351,indet,inf1,52,20
2042,352,indet,mat,122,20
2043,353,indet,mat,52,20
2044,354,indet,mat,52,20
2045,355,indet,mat,52,20
2046,356,indet,ad,52,20
2047,357,indet,mat,122,20
2048,358,indet,sen,122,20
2049,359,indet,mat,52,20
2050,360,indet,inf2,51,20
2051,361,indet,mat,52,20
2052,362,m,mat,52,20
2053,363,indet,ad,122,20
2054,364,indet,ad,52,20
2055,365,indet,mat,52,20
2056,366,f,ad,51,20
2057,367,indet,inf1,52,20
2058,368,indet,indiff,122,20
2059,369,indet,inf1,122,20
2060,370,indet,ad,54,20
2061,371,indet,mat,122,20
2062,372,indet,mat,122,20
2063,373,indet,ad,51,20
2064,374,indet,indiff,51,20
2065,375,indet,indiff,51,20
2066,376,indet,mat,52,20
2067,377,indet,mat,51,20
2068,378,indet,ad,51,20
2069,379,indet,sen,52,20
2070,380,indet,mat,52,20
2071,381,indet,mat,52,20
2072,382,indet,indiff,52,20
2073,383,f,sen,52,20
2074,384,f,mat,52,20
2075,385_1,indet,mat,122,20
2076,385_2,indet,mat,52,20
2077,386,indet,mat,122,20
2078,387,indet,inf1,52,20
2079,388,indet,mat,52,20
2080,389,f,ad,52,20
2081,390,indet,ad,52,20
2082,391,indet,mat,52,20
2083,392,indet,mat,52,20
2084,393,indet,indiff,52,20
2085,394,indet,mat,51,20
2086,395,indet,inf1,122,20
2087,396,indet,indiff,122,20
2088,397,indet,fad,51,20
2089,398,indet,mat,52,20
2090,399,indet,indiff,122,20
2091,400,indet,indiff,51,20
2092,401,m,mat,51,20
2093,402,indet,mat,53,20
2094,403,f,sen,122,20
2095,404,indet,indiff,122,20
2096,405,indet,indiff,122,20
2097,406,indet,indiff,122,20
2098,407,indet,indiff,50,20
2099,408,indet,inf1,122,20
2100,409,indet,indiff,122,20
2101,410,indet,indiff,50,20
2102,411,indet,indiff,50,20
2103,412,f,mat,122,20
2104,413,indet,inf1,122,20
2105,414,indet,indiff,122,20
2106,415,indet,inf1,122,20
2107,416,indet,indiff,122,20
2108,417,indet,mat,52,20
2109,418,indet,inf1,122,20
2110,419,indet,juv,51,20
2111,420,f,ad,51,20
2112,421,indet,ad,51,20
2113,422,indet,ad,122,20
2114,423,indet,indiff,122,20
2115,424,indet,mat,51,20
2116,425,indet,mat,122,20
2117,426,indet,ad,122,20
2118,427,indet,sen,52,20
2119,428,m,mat,51,20
2120,429,m,mat,51,20
2121,430,indet,inf2,51,20
2122,431,indet,ad,122,20
2123,432,indet,juv,51,20
2124,433,indet,indiff,122,20
2125,434,indet,indiff,122,20
2126,435,indet,indiff,122,20
2127,436,indet,mat,52,20
2128,437,indet,indiff,50,20
2129,438,indet,indiff,122,20
2130,439,indet,indiff,122,20
2131,440,indet,inf1,122,20
2132,441,indet,ad,52,20
2133,442,indet,indiff,52,20
2134,443,indet,juv,52,20
2135,444,indet,inf1,51,20
2136,445,m,mat,52,20
2137,446,indet,ad,51,20
2138,447,indet,inf1,52,20
2139,448,indet,indiff,52,20
2140,449,indet,mat,122,20
2141,450,indet,inf1,122,20
2142,451,indet,indiff,122,20
2143,452,indet,mat,52,20
2144,453,indet,juv,52,20
2145,454,indet,indiff,122,20
2146,455,indet,mat,122,20
2147,456,indet,indiff,122,20
2148,457,indet,mat,51,20
2149,458,indet,sen,122,20
2150,459,indet,juv,51,20
2151,460,m,sen,122,20
2152,461,f,mat,51,20
2153,462,indet,fad,51,20
2154,463,indet,ad,122,20
2155,464,indet,ad,122,20
2156,465,indet,sen,122,20
2157,466,indet,fad,122,20
2158,467,indet,fad,122,20
2159,468,indet,mat,50,20
2160,469,indet,indiff,52,20
2161,470,indet,indiff,122,20
2162,471,indet,mat,52,20
2163,472,m,mat,52,20
2164,473,indet,ad,52,20
2165,474,indet,inf1,122,20
2166,475,indet,indiff,122,20
2167,476,indet,juv,122,20
2168,477,f,sen,52,20
2169,478,f,fad,52,20
2170,479,indet,inf1,51,20
2171,480,indet,ad,122,20
2172,481,indet,mat,122,20
2173,482,indet,fad,122,20
2174,483,indet,indiff,122,20
2175,484,indet,indiff,122,20
2176,485,indet,indiff,122,20
2177,486,indet,mat,122,20
2178,487,indet,mat,122,20
2179,488,indet,ad,122,20
2180,489,indet,mat,122,20
2181,490,indet,indiff,122,20
2182,491,indet,mat,122,20
2183,492,indet,mat,122,20
2184,G001,indet,indiff,122,2
2185,G002,indet,indiff,122,2
2186,G003,indet,fad,143,2
2187,G004,indet,indiff,122,2
2188,G005,f,ad,143,2
2189,G006,indet,ad,122,2
2190,G007,f,mat,139,2
2191,G008,indet,inf2,122,2
2192,G009,m,fad,140,2
2193,G010,m,ad,140,2
2194,G011,indet,inf2,143,2
2195,G012,indet,juv,139,2
2196,G013,indet,indiff,122,2
2197,G014,indet,indiff,122,2
2198,G015,indet,indiff,137,2
2199,G016,indet,indiff,122,2
2200,G017,indet,indiff,142,2
2201,G018,indet,indiff,122,2
2202,G019,indet,inf1,140,2
2203,G020,indet,ad,122,2
2204,G021,indet,indiff,141,2
2205,G022,indet,indiff,122,2
2206,G023,indet,indiff,122,2
2207,G024,indet,indiff,122,2
2208,G025,indet,indiff,141,2
2209,G026,indet,indiff,122,2
2210,G027,indet,inf1,137,2
2211,G028,indet,indiff,122,2
2212,G029,indet,ad,139,2
2213,G030,indet,ad,141,2
2214,G031,indet,fad,122,2
2215,G032,indet,fad,139,2
2216,G033,indet,indiff,122,2
2217,G034,indet,inf2,140,2
2218,G035,indet,indiff,144,2
2219,G036,indet,indiff,140,2
2220,G037,indet,juv,143,2
2221,G038,indet,indiff,122,2
2222,G039,indet,juv,140,2
2223,G040,indet,juv,144,2
2224,G041,indet,indiff,122,2
2225,G042,indet,indiff,122,2
2226,G043,indet,ad,122,2
2227,G044,f,ad,143,2
2228,G045,indet,indiff,137,2
2229,G046,indet,indiff,122,2
2230,G047,indet,fad,122,2
2231,G048,m,ad,140,2
2232,G050,indet,indiff,122,2
2233,G051,m,mat,138,2
2234,G052,m,mat,137,2
2235,G053,f,ad,140,2
2236,G054,indet,mat,140,2
2237,G055,indet,ad,140,2
2238,G056,indet,fad,122,2
2239,G057,m,ad,139,2
2240,G058,indet,inf2,122,2
2241,G059,m,ad,122,2
2242,G060,indet,mat,137,2
2243,G061,indet,indiff,122,2
2244,G063,m,mat,138,2
2245,G064,m,ad,122,2
2246,G065,indet,indiff,141,2
2247,G067,indet,ad,122,2
2248,G068,indet,indiff,140,2
2249,G069,indet,juv,138,2
2250,G070,m,mat,139,2
2251,G071,indet,juv,122,2
2252,G072,f,mat,122,2
2253,G073,m,ad,139,2
2254,G074,indet,indiff,122,2
2255,G075,indet,indiff,122,2
2256,G076,indet,indiff,138,2
2257,G077-x,indet,indiff,122,2
2258,G078,indet,indiff,122,2
2259,G079,indet,ad,140,2
2260,G080,indet,inf2,122,2
2261,G081,f,mat,138,2
2262,G082,m,ad,139,2
2263,G083,indet,inf2,122,2
2264,G084,f,ad,141,2
2265,G085,indet,indiff,122,2
2266,G086,indet,indiff,122,2
2267,G087,m,fad,142,2
2268,G088,indet,inf2,122,2
2269,G089,indet,indiff,122,2
2270,G090,indet,fad,122,2
2271,G092,indet,inf1,122,2
2272,G093,indet,fad,139,2
2273,G094,indet,inf1,122,2
2274,G095,indet,juv,122,2
2275,G096,indet,indiff,122,2
2276,G097,indet,indiff,122,2
2277,G098,indet,indiff,122,2
2278,G099,indet,fad,122,2
2279,G100,indet,fad,122,2
2280,G101,indet,inf1,122,2
2281,G102,indet,inf2,122,2
2282,G103,indet,indiff,122,2
2283,G104,indet,indiff,122,2
2284,G105,indet,inf2,139,2
2285,G106,indet,inf1,139,2
2286,G107,indet,inf2,141,2
2287,G108,indet,indiff,122,2
2288,G109,indet,fad,122,2
2289,G110,indet,fad,141,2
2290,G111,indet,fad,138,2
2291,G112,indet,indiff,122,2
2292,A002,indet,indiff,122,4
2293,A003,indet,indiff,139,4
2294,A004,indet,indiff,141,4
2295,A005,indet,indiff,122,4
2296,A006,indet,indiff,122,4
2297,A007,indet,indiff,122,4
2298,A008_2,indet,inf1,137,4
2299,A008_1,indet,ad,137,4
2300,A009,indet,inf2,138,4
2301,A010,indet,ad,122,4
2302,A011,indet,inf1,122,4
2303,A012,indet,indiff,122,4
2304,A014,indet,inf1,122,4
2305,A015,indet,inf1,122,4
2306,A016,m,ad,138,4
2307,A017,indet,juv,122,4
2308,A018,indet,indiff,138,4
2309,A019,indet,juv,122,4
2310,A020,indet,inf2,122,4
2311,A021,indet,indiff,140,4
2312,A022,indet,inf1,122,4
2313,A023,indet,ad,143,4
2314,A024,indet,indiff,137,4
2315,A025,indet,inf2,140,4
2316,A026,indet,indiff,122,4
2317,A027,indet,indiff,122,4
2318,A028,indet,indiff,141,4
2319,A029,indet,inf1,143,4
2320,A030,indet,indiff,140,4
2321,A032,indet,inf1,122,4
2322,A033,indet,indiff,122,4
2323,A034,indet,indiff,122,4
2324,A035,indet,indiff,140,4
2325,A036,indet,indiff,143,4
2326,A037,indet,inf1,140,4
2327,A038,indet,inf2,140,4
2328,A039,indet,indiff,122,4
2329,A040,indet,inf2,138,4
2330,A041,indet,indiff,141,4
2331,A042,indet,indiff,122,4
2332,A043,indet,indiff,122,4
2333,A044,m,mat,137,4
2334,A045,indet,juv,122,4
2335,A046,indet,indiff,137,4
2336,A047,indet,juv,141,4
2337,A048,indet,inf2,139,4
2338,A049,indet,indiff,137,4
2339,A050,indet,juv,137,4
2340,A051,indet,indiff,122,4
2341,A052,indet,ad,145,4
2342,A053,indet,ad,122,4
2343,A054,indet,indiff,141,4
2344,A055,indet,indiff,139,4
2345,A056,indet,indiff,140,4
2346,A057,indet,indiff,122,4
2347,A058,indet,indiff,137,4
2348,A059,indet,indiff,137,4
2349,A060,f,sen,140,4
2350,A061,indet,inf2,122,4
2351,A062,indet,indiff,122,4
2352,A063,indet,indiff,122,4
2353,A064,indet,indiff,122,4
2354,A065,indet,indiff,122,4
2355,A066,indet,indiff,122,4
2356,A067,indet,indiff,122,4
2357,A068,indet,indiff,122,4
2358,A069,indet,indiff,122,4
2359,A070,indet,indiff,122,4
2360,A071,indet,ad,122,4
2361,A072,indet,indiff,122,4
2362,A073,indet,indiff,122,4
2363,A074,indet,indiff,140,4
2364,A075,indet,indiff,144,4
2365,A076,indet,indiff,122,4
2366,A077,indet,indiff,141,4
2367,A078,indet,indiff,122,4
2368,A079,indet,indiff,143,4
2369,A080,indet,ad,122,4
2370,A081,indet,indiff,141,4
2371,A082,indet,indiff,122,4
2372,A083,indet,indiff,122,4
2373,A084,indet,fad,137,4
2374,A085,indet,indiff,140,4
2375,A086,indet,inf2,122,4
2376,A087,indet,indiff,138,4
2377,A088,indet,fad,122,4
2378,A089,indet,inf1,122,4
2379,A090,indet,indiff,140,4
2380,A091,indet,fad,137,4
2381,A093,indet,indiff,122,4
2382,A094,indet,inf1,139,4
2383,A095,indet,indiff,122,4
2384,A096_1,m,ad,144,4
2385,A096_2,indet,inf1,144,4
2386,A097,indet,inf2,143,4
2387,A098,indet,indiff,141,4
2388,A099,indet,indiff,122,4
2389,A100,indet,indiff,122,4
2390,A101,indet,indiff,122,4
2391,A102,indet,indiff,122,4
2392,A103,indet,indiff,122,4
2393,A103,indet,indiff,122,4
2394,A104,indet,indiff,122,4
2395,A106,indet,indiff,122,4
2396,A107,indet,indiff,122,4
2397,A108,indet,indiff,122,4
2398,A109,indet,indiff,122,4
2399,A110,indet,indiff,122,4
2400,A111,indet,indiff,122,4
2401,A112,indet,indiff,122,4
2402,A113,indet,indiff,122,4
2403,A114,indet,indiff,122,4
2404,A115,indet,indiff,122,4
2405,A116,indet,indiff,122,4
2406,A117,indet,indiff,122,4
2407,A120,indet,indiff,122,4
2408,A121,indet,indiff,122,4
2409,A122,indet,indiff,122,4
2410,A124,indet,indiff,122,4
2411,A125,indet,indiff,122,4
2412,A128,indet,indiff,122,4
2413,A150,indet,indiff,122,4
2414,ABB,indet,indiff,122,4
2415,ABD,indet,indiff,122,4
2416,ABE,indet,indiff,122,4
2417,ABF,indet,indiff,122,4
2418,ADB,indet,indiff,122,4
2419,ADQ,indet,indiff,122,4
2420,ADT,indet,indiff,122,4
2421,AAB,indet,indiff,140,4
2422,AAC,indet,inf2,138,4
2423,AAD,indet,indiff,122,4
2424,AAE,indet,indiff,140,4
2425,AAF,indet,inf2,122,4
2426,AAH,indet,indiff,122,4
2427,AAK,indet,fad,122,4
2428,AAN,indet,indiff,139,4
2429,AAO,indet,indiff,122,4
2430,AAP,indet,inf2,122,4
2431,AAQ,indet,indiff,122,4
2432,AAR,indet,indiff,122,4
2433,AAS,m,mat,122,4
2434,AAU,indet,indiff,122,4
2435,AAV,indet,indiff,122,4
2436,AAX,indet,indiff,122,4
2437,AAY,indet,indiff,122,4
2438,AAZ,indet,indiff,122,4
2439,AA,indet,indiff,122,4
